review,label
"I absolutely love this product! Works perfectly.",real
"Fast delivery and excellent quality.",real
"Very satisfied, will buy again.",real
"Item as described, happy with purchase.",real
"Great customer service, very helpful.",real
"High quality, exactly what I needed.",real
"Received the product on time, works well.",real
"Five stars, highly recommend!",real
"Product exceeded my expectations.",real
"Excellent packaging and quick shipping.",real
"Top-notch quality, very happy.",real
"Item works exactly as advertised.",real
"Impressed with the product, will order more.",real
"Fast shipping, item as described.",real
"Very reliable product, works great.",real
"Pleasant experience, product is good.",real
"Good quality and affordable price.",real
"Product matches description perfectly.",real
"Item arrived quickly and works fine.",real
"Fantastic product, worth the money.",real
"Really happy with the purchase.",real
"Quality is excellent, highly recommend.",real
"Great value for the price.",real
"Item functions well, happy with it.",real
"Easy to use and very reliable.",real
"Excellent product, very satisfied.",real
"Good packaging and fast delivery.",real
"Product arrived in perfect condition.",real
"Met my expectations, good quality.",real
"Will definitely buy again.",real
"Product performs well, very happy.",real
"Happy with the purchase, highly recommend.",real
"Excellent value, works perfectly.",real
"Very good experience, product is reliable.",real
"Fast delivery, product works fine.",real
"Item is exactly as described.",real
"Top quality, very satisfied.",real
"Product is reliable and easy to use.",real
"Exceeded expectations, excellent product.",real
"Product works well, happy with it.",real
"Good product, fast delivery.",real
"Highly recommend this product.",real
"Item is high quality and works perfectly.",real
"Excellent service, product arrived fast.",real
"Very happy with product performance.",real
"Good quality, matches description.",real
"Product is durable and reliable.",real
"Fast shipping, product as expected.",real
"Happy with the purchase, very good.",real
"Excellent product, very useful.",real
"This is a fake product, do not buy.",fake
"Scam! Paid for nothing.",fake
"Fake review, they gave me free product.",fake
"Terrible product, completely fake.",fake
"Awful experience, do not trust.",fake
"Fraudulent seller, item never arrived.",fake
"Fake item, very disappointed.",fake
"Product is fake, not as described.",fake
"Received a fake product, warning!",fake
"This is a scam, waste of money.",fake
"Fake review, they paid me to write this.",fake
"Do not buy, product is counterfeit.",fake
"Fake product, arrived broken.",fake
"Scam seller, do not order.",fake
"Fake, completely misleading description.",fake
"Product is not real, very unhappy.",fake
"Awful, product is fake and poor quality.",fake
"Fake item, they tricked me.",fake
"Scam product, beware!",fake
"Received fake product, total fraud.",fake
"Fake review, they tricked customers.",fake
"Do not trust, product is fake.",fake
"Fake product, terrible experience.",fake
"Counterfeit item, very disappointed.",fake
"Fake, not worth the money.",fake
"Fraudulent product, do not buy.",fake
"Scam, completely fake item.",fake
"Fake review, false claims.",fake
"Product is fake, avoid purchasing.",fake
"Do not order, fake seller.",fake
"Fake product, totally misleading.",fake
"Terrible fake item, very disappointed.",fake
"Fake review, do not trust this.",fake
"Completely fake, total scam.",fake
"Awful, product is counterfeit.",fake
"Absolutely loved the quality and packaging.",real
"Product came early and was well packed.",real
"Very easy to use, totally satisfied.",real
"Helpful customer service and fast delivery.",real
"The material feels premium and strong.",real
"Item matched the pictures perfectly.",real
"Good experience, would recommend to friends.",real
"Works great, no issues so far.",real
"Excellent battery life and smooth performance.",real
"Received genuine product with warranty card.",real
"Product was brand new and sealed.",real
"Quick response from the support team.",real
"Great deal for the price, works fine.",real
"Perfect condition and well protected during shipping.",real
"Very convenient and affordable.",real
"Item is sturdy and durable.",real
"Super happy with my purchase!",real
"Meets all my expectations.",real
"Exactly what I was looking for.",real
"Delivery was faster than expected.",real
"Reliable seller, will shop again.",real
"Top-notch service and communication.",real
"Product quality is excellent for daily use.",real
"Feels authentic and well made.",real
"Good product with fair pricing.",real
"Item arrived on time and works flawlessly.",real
"Highly satisfied with the purchase.",real
"Perfect fit and easy to install.",real
"Impressed with the quick turnaround time.",real
"Everything works perfectly fine.",real
"Solid build quality, worth the cost.",real
"Received in good condition, happy with it.",real
"Smooth and efficient performance.",real
"Exactly as shown in the description.",real
"Looks elegant and performs well.",real
"Reliable and user-friendly.",real
"Product performs as expected.",real
"Great buy, no regrets!",real
"Good product from a trusted brand.",real
"Excellent design and usability.",real
"Received original product, not duplicate.",real
"All accessories were included in the box.",real
"Superb quality and fast response.",real
"Product is efficient and works perfectly.",real
"Neatly packed and safely delivered.",real
"Truly satisfied with my first order.",real
"Great for everyday use.",real
"Easy to clean and maintain.",real
"Met all my needs, will order more.",real
"Smooth transaction and delivery.",real
"Excellent craftsmanship and finishing.",real
"Real product with authentic packaging.",real
"Everything was as promised.",real
"Great sound quality and comfort.",real
"Product arrived earlier than mentioned.",real
"Very effective and long-lasting.",real
"Good packaging, product undamaged.",real
"Performs better than expected.",real
"Nice experience overall.",real
"Good for personal and professional use.",real
"Very responsive customer care.",real
"Product looks premium and feels sturdy.",real
"Received item in good shape.",real
"Packaging was excellent, product genuine.",real
"Using it for weeks, still works like new.",real
"Got a genuine product with invoice.",real
"Authentic product, verified serial number.",real
"Smooth order process, no complaints.",real
"Performs great under heavy usage.",real
"Good feedback mechanism from seller.",real
"Really happy with the quality.",real
"Item was brand new and original.",real
"Product is genuine and reliable.",real
"Top quality at affordable price.",real
"Highly efficient and lightweight.",real
"Met all my expectations perfectly.",real
"Product performance is outstanding.",real
"Perfectly functional, no defects.",real
"Absolutely value for money.",real
"Great shopping experience overall.",real
"Very high-quality build.",real
"Received authentic item in sealed pack.",real
"Product works as described, no complaints.",real
"Good packaging and smooth setup.",real
"Reliable delivery and service.",real
"Excellent performance, totally worth it.",real
"Very helpful seller, good communication.",real
"Product meets advertised specifications.",real
"Works seamlessly with my other devices.",real
"Perfectly operational since delivery.",real
"Customer support was polite and efficient.",real
"Completely satisfied with this purchase.",real
"Works just like the official version.",real
"Received invoice and warranty as expected.",real
"Really good experience overall.",real
"Excellent quality and quick response time.",real
"Product lives up to its reputation.",real
"Totally authentic product received.",real
"Superb quality and great price.",real
"Would definitely buy again.",real
"This product is terrible, fake quality!",fake
"They sent me a used item pretending it’s new.",fake
"Fake seller, don’t waste your money!",fake
"Received counterfeit product, total scam.",fake
"Completely false reviews, product is garbage.",fake
"They paid people to write good reviews.",fake
"Looks genuine online but it’s fake.",fake
"Cheap duplicate, not worth buying.",fake
"Awful service, fake product.",fake
"Scam website, never got my product.",fake
"Fake packaging, product not original.",fake
"This is a fraudulent listing!",fake
"Product is fake, do not trust.",fake
"Completely misleading description, fake item.",fake
"Scam seller, no refund or support.",fake
"Fake reviews everywhere, don’t believe them.",fake
"Received damaged fake product.",fake
"Item looks used and cheap.",fake
"They sent me a totally different item.",fake
"Fake item pretending to be branded.",fake
"Product didn’t work at all, total fraud.",fake
"This is not original, total scam.",fake
"Seller is cheating customers with fake goods.",fake
"Product stopped working after one day.",fake
"Fake copy of original brand.",fake
"Completely unreliable seller, fake items.",fake
"Product came broken and unusable.",fake
"Not real product, looks like a replica.",fake
"Seller refuses refund for fake product.",fake
"Fake listing, waste of money.",fake
"Do not trust these reviews, all fake.",fake
"Product is defective and fake.",fake
"They scammed me, sent a fake one.",fake
"Counterfeit item, no brand tag.",fake
"Fake charger and low-quality item.",fake
"Duplicate product, poor quality.",fake
"Scam alert! Avoid this seller.",fake
"Totally disappointed, fake quality.",fake
"Fake build, product feels cheap.",fake
"Counterfeit brand name, avoid!",fake
"Product does not match the description.",fake
"Looks like a fake imitation.",fake
"Scam, I lost my money.",fake
"Poor quality, fake performance.",fake
"Seller sold a duplicate copy.",fake
"Received completely wrong product.",fake
"Fake item, they tricked customers.",fake
"Item is not genuine, total fraud.",fake
"Scam product with fake branding.",fake
"Product stopped working in one day.",fake
"Awful experience, fake product.",fake
"Fake serial number and no warranty.",fake
"Fraudulent item, not from brand.",fake
"Duplicate version pretending to be real.",fake
"Terrible quality, fake claim.",fake
"Don’t fall for fake positive reviews.",fake
"Product looks real but isn’t.",fake
"Seller shipped counterfeit goods.",fake
"Scam, totally fake website.",fake
"Fake parts used, not original.",fake
"Received fake product with missing parts.",fake
"Product doesn’t even switch on.",fake
"Completely fake advertisement.",fake
"Terrible seller, fake service.",fake
"Scam site, no customer care.",fake
"Got fake product without box.",fake
"Fake listing, avoid this brand.",fake
"Poor packaging and duplicate item.",fake
"Seller is fraud, product is fake.",fake
"Received fake version of branded item.",fake
"Fake accessories and fake reviews.",fake
"Looks like cheap copy of original.",fake
"Completely non-functional fake item.",fake
"Scammy marketing, fake product.",fake
"Got duplicate instead of original.",fake
"Fake product, no barcode or tag.",fake
"Product didn’t even arrive!",fake
"Counterfeit model, don’t buy.",fake
"Fake service, no refund issued.",fake
"Scam seller, wrong product sent.",fake
"Fake website, fake product!",fake
"Received broken item, fake build.",fake
"Low-quality duplicate item.",fake
"Seller is cheating people.",fake
"Product doesn’t match images.",fake
"Totally fake and useless.",fake
"Fraud seller, fake listings.",fake
"Fake claims, not real product.",fake
"Do not purchase, total scam.",fake
"Counterfeit quality, very poor.",fake
"Scam seller, fake guarantee.",fake
"Fake imitation, not original.",fake
"Completely fake item sent.",fake
"Fraudulent store, fake products.",fake
"Fake label and cheap material.",fake
"Looks like used fake item.",fake
"Received fake charger.",fake
"Poor imitation product.",fake
"Scam — totally fake!",fake
"Fake, not recommended at all.",fake
"Product is good and comfortable and also pain relief but made of rubber i think it's not for longest but it's very good product.Read more", fake
